timestamp,rally,frame,event,ball_x,ball_y,ball_vx,ball_vy,left_paddle_y,right_paddle_y,hit_position,angle,scorer
2026-09-08T12:17:38.021662,1,1,FRAME,430.916,173.254,3.605,-3.465,200.0,200.0,,,
2026-09-08T12:17:38.034008,1,2,FRAME,434.521,169.789,3.605,-3.465,200.0,200.0,,,
2026-09-08T12:17:38.050053,1,3,FRAME,438.126,166.324,3.605,-3.465,200.0,200.0,,,
2026-09-08T12:17:38.066691,1,4,FRAME,441.731,162.859,3.605,-3.465,200.0,200.0,,,
2026-09-08T12:17:38.082878,1,5,FRAME,445.335,159.394,3.605,-3.465,200.0,200.0,,,
2026-09-08T12:17:38.098982,1,6,FRAME,448.94,155.929,3.605,-3.465,200.0,200.0,,,
2026-09-08T12:17:38.115934,1,7,FRAME,452.545,152.464,3.605,-3.465,200.0,200.0,,,
2026-09-08T12:17:38.132215,1,8,FRAME,456.149,148.999,3.605,-3.465,200.0,200.0,,,
2026-09-08T12:17:38.149785,1,9,FRAME,459.754,145.534,3.605,-3.465,200.0,200.0,,,
2026-09-08T12:17:38.166220,1,10,FRAME,463.359,142.069,3.605,-3.465,200.0,200.0,,,
2026-09-08T12:17:38.182194,1,11,FRAME,466.964,138.604,3.605,-3.465,200.0,200.0,,,
2026-09-08T12:17:38.200305,1,12,FRAME,470.568,135.139,3.605,-3.465,200.0,200.0,,,
2026-09-08T12:17:38.217167,1,13,FRAME,474.173,131.674,3.605,-3.465,200.0,200.0,,,
2026-09-08T12:17:38.234026,1,14,FRAME,477.778,128.209,3.605,-3.465,200.0,200.0,,,
2026-09-08T12:17:38.249728,1,15,FRAME,481.383,124.744,3.605,-3.465,200.0,200.0,,,
2026-09-08T12:17:38.265723,1,16,FRAME,484.987,121.279,3.605,-3.465,200.0,200.0,,,
2026-09-08T12:17:38.281379,1,17,FRAME,488.592,117.814,3.605,-3.465,200.0,200.0,,,
2026-09-08T12:17:38.297344,1,18,FRAME,492.197,114.349,3.605,-3.465,200.0,200.0,,,
2026-09-08T12:17:38.314196,1,19,FRAME,495.801,110.884,3.605,-3.465,200.0,200.0,,,
2026-09-08T12:17:38.331238,1,20,FRAME,499.406,107.419,3.605,-3.465,200.0,200.0,,,
2026-09-08T12:17:38.348251,1,21,FRAME,503.011,103.954,3.605,-3.465,200.0,200.0,,,
2026-09-08T12:17:38.365790,1,22,FRAME,506.616,100.49,3.605,-3.465,200.0,200.0,,,
2026-09-08T12:17:38.381764,1,23,FRAME,510.22,97.025,3.605,-3.465,200.0,200.0,,,
2026-09-08T12:17:38.398382,1,24,FRAME,513.825,93.56,3.605,-3.465,200.0,200.0,,,
2026-09-08T12:17:38.415022,1,25,FRAME,517.43,90.095,3.605,-3.465,200.0,200.0,,,
2026-09-08T12:17:38.432386,1,26,FRAME,521.035,86.63,3.605,-3.465,200.0,200.0,,,
2026-09-08T12:17:38.448921,1,27,FRAME,524.639,83.165,3.605,-3.465,200.0,200.0,,,
2026-09-08T12:17:38.465061,1,28,FRAME,528.244,79.7,3.605,-3.465,200.0,200.0,,,
2026-09-08T12:17:38.482284,1,29,FRAME,531.849,76.235,3.605,-3.465,200.0,200.0,,,
2026-09-08T12:17:38.499701,1,30,FRAME,535.454,72.77,3.605,-3.465,200.0,200.0,,,
2026-09-08T12:17:38.515967,1,31,FRAME,539.058,69.305,3.605,-3.465,200.0,200.0,,,
2026-09-08T12:17:38.531852,1,32,FRAME,542.663,65.84,3.605,-3.465,200.0,200.0,,,
2026-09-08T12:17:38.548466,1,33,FRAME,546.268,62.375,3.605,-3.465,200.0,200.0,,,
2026-09-08T12:17:38.564831,1,34,FRAME,549.872,58.91,3.605,-3.465,200.0,200.0,,,
2026-09-08T12:17:38.581122,1,35,FRAME,553.477,55.445,3.605,-3.465,200.0,200.0,,,
2026-09-08T12:17:38.598673,1,36,FRAME,557.082,51.98,3.605,-3.465,200.0,200.0,,,
2026-09-08T12:17:38.615253,1,37,FRAME,560.687,48.515,3.605,-3.465,200.0,200.0,,,
2026-09-08T12:17:38.633077,1,38,FRAME,564.291,45.05,3.605,-3.465,200.0,200.0,,,
2026-09-08T12:17:38.649983,1,39,FRAME,567.896,41.585,3.605,-3.465,200.0,200.0,,,
2026-09-08T12:17:38.666173,1,40,FRAME,571.501,38.12,3.605,-3.465,200.0,200.0,,,
2026-09-08T12:17:38.682940,1,41,FRAME,575.106,34.655,3.605,-3.465,200.0,200.0,,,
2026-09-08T12:17:38.698663,1,42,FRAME,578.71,31.19,3.605,-3.465,200.0,200.0,,,
2026-09-08T12:17:38.715160,1,43,FRAME,582.315,27.725,3.605,-3.465,200.0,200.0,,,
2026-09-08T12:17:38.732407,1,44,FRAME,585.92,24.26,3.605,-3.465,200.0,200.0,,,
2026-09-08T12:17:38.748882,1,45,FRAME,589.524,20.796,3.605,-3.465,200.0,200.0,,,
2026-09-08T12:17:38.765043,1,46,FRAME,593.129,17.331,3.605,-3.465,200.0,200.0,,,
2026-09-08T12:17:38.782072,1,47,FRAME,596.734,13.866,3.605,-3.465,200.0,200.0,,,
2026-09-08T12:17:38.799879,1,48,FRAME,600.339,10.401,3.605,-3.465,200.0,200.0,,,
2026-09-08T12:17:38.816249,1,49,FRAME,603.943,6.936,3.605,-3.465,200.0,200.0,,,
2026-09-08T12:17:38.832594,1,50,FRAME,607.548,3.471,3.605,-3.465,200.0,200.0,,,
2026-09-08T12:17:38.848847,1,51,FRAME,611.153,0.006,3.605,-3.465,200.0,200.0,,,
2026-09-08T12:17:38.864944,1,52,WALL_BOUNCE,614.758,0,3.605,3.465,200.0,200.0,,,
2026-09-08T12:17:38.864944,1,53,FRAME,614.758,0,3.605,3.465,200.0,200.0,,,
2026-09-08T12:17:38.882972,1,54,FRAME,618.362,3.465,3.605,3.465,200.0,200.0,,,
2026-09-08T12:17:38.899855,1,55,FRAME,621.967,6.93,3.605,3.465,200.0,200.0,,,
2026-09-08T12:17:38.916045,1,56,FRAME,625.572,10.395,3.605,3.465,200.0,200.0,,,
2026-09-08T12:17:38.933160,1,57,FRAME,629.176,13.86,3.605,3.465,200.0,200.0,,,
2026-09-08T12:17:38.950837,1,58,FRAME,632.781,17.325,3.605,3.465,200.0,200.0,,,
2026-09-08T12:17:38.967568,1,59,FRAME,636.386,20.79,3.605,3.465,200.0,200.0,,,
2026-09-08T12:17:38.983736,1,60,FRAME,639.991,24.255,3.605,3.465,200.0,200.0,,,
2026-09-08T12:17:39.000575,1,61,FRAME,643.595,27.72,3.605,3.465,200.0,200.0,,,
2026-09-08T12:17:39.017029,1,62,FRAME,647.2,31.185,3.605,3.465,200.0,200.0,,,
2026-09-08T12:17:39.034017,1,63,FRAME,650.805,34.65,3.605,3.465,200.0,200.0,,,
2026-09-08T12:17:39.050233,1,64,FRAME,654.41,38.115,3.605,3.465,200.0,200.0,,,
2026-09-08T12:17:39.066738,1,65,FRAME,658.014,41.579,3.605,3.465,200.0,200.0,,,
2026-09-08T12:17:39.083126,1,66,FRAME,661.619,45.044,3.605,3.465,200.0,200.0,,,
2026-09-08T12:17:39.101067,1,67,FRAME,665.224,48.509,3.605,3.465,200.0,200.0,,,
2026-09-08T12:17:39.118799,1,68,FRAME,668.828,51.974,3.605,3.465,200.0,200.0,,,
2026-09-08T12:17:39.135217,1,69,FRAME,672.433,55.439,3.605,3.465,200.0,200.0,,,
2026-09-08T12:17:39.152636,1,70,FRAME,676.038,58.904,3.605,3.465,200.0,200.0,,,
2026-09-08T12:17:39.168753,1,71,FRAME,679.643,62.369,3.605,3.465,200.0,200.0,,,
2026-09-08T12:17:39.185273,1,72,FRAME,683.247,65.834,3.605,3.465,200.0,200.0,,,
2026-09-08T12:17:39.201936,1,73,FRAME,686.852,69.299,3.605,3.465,200.0,200.0,,,
2026-09-08T12:17:39.220455,1,74,FRAME,690.457,72.764,3.605,3.465,200.0,200.0,,,
2026-09-08T12:17:39.236810,1,75,FRAME,694.062,76.229,3.605,3.465,200.0,200.0,,,
2026-09-08T12:17:39.253114,1,76,FRAME,697.666,79.694,3.605,3.465,200.0,200.0,,,
2026-09-08T12:17:39.270178,1,77,FRAME,701.271,83.159,3.605,3.465,200.0,200.0,,,
2026-09-08T12:17:39.287464,1,78,FRAME,704.876,86.624,3.605,3.465,200.0,200.0,,,
2026-09-08T12:17:39.304644,1,79,FRAME,708.481,90.089,3.605,3.465,200.0,200.0,,,
2026-09-08T12:17:39.320821,1,80,FRAME,712.085,93.554,3.605,3.465,200.0,200.0,,,
2026-09-08T12:17:39.336600,1,81,FRAME,715.69,97.019,3.605,3.465,200.0,200.0,,,
2026-09-08T12:17:39.353079,1,82,FRAME,719.295,100.484,3.605,3.465,200.0,200.0,,,
2026-09-08T12:17:39.369725,1,83,FRAME,722.899,103.949,3.605,3.465,200.0,200.0,,,
2026-09-08T12:17:39.385916,1,84,FRAME,726.504,107.414,3.605,3.465,200.0,200.0,,,
2026-09-08T12:17:39.401934,1,85,FRAME,730.109,110.879,3.605,3.465,200.0,200.0,,,
2026-09-08T12:17:39.418586,1,86,FRAME,733.714,114.344,3.605,3.465,200.0,200.0,,,
2026-09-08T12:17:39.434380,1,87,FRAME,737.318,117.809,3.605,3.465,200.0,200.0,,,
2026-09-08T12:17:39.451510,1,88,FRAME,740.923,121.273,3.605,3.465,200.0,200.0,,,
2026-09-08T12:17:39.467835,1,89,FRAME,744.528,124.738,3.605,3.465,200.0,200.0,,,
2026-09-08T12:17:39.483679,1,90,FRAME,748.133,128.203,3.605,3.465,200.0,200.0,,,
2026-09-08T12:17:39.499965,1,91,FRAME,751.737,131.668,3.605,3.465,200.0,200.0,,,
2026-09-08T12:17:39.516003,1,92,FRAME,755.342,135.133,3.605,3.465,200.0,200.0,,,
2026-09-08T12:17:39.532058,1,93,FRAME,758.947,138.598,3.605,3.465,200.0,200.0,,,
2026-09-08T12:17:39.548206,1,94,FRAME,762.551,142.063,3.605,3.465,200.0,200.0,,,
2026-09-08T12:17:39.564789,1,95,FRAME,766.156,145.528,3.605,3.465,200.0,200.0,,,
2026-09-08T12:17:39.580869,1,96,FRAME,769.761,148.993,3.605,3.465,200.0,200.0,,,
2026-09-08T12:17:39.597614,1,97,FRAME,773.366,152.458,3.605,3.465,200.0,200.0,,,
2026-09-08T12:17:39.613613,1,98,FRAME,776.97,155.923,3.605,3.465,200.0,200.0,,,
2026-09-08T12:17:39.629795,1,99,FRAME,780.575,159.388,3.605,3.465,200.0,200.0,,,
2026-09-08T12:17:39.645411,1,100,FRAME,784.18,162.853,3.605,3.465,200.0,200.0,,,
2026-09-08T12:17:39.662791,1,101,FRAME,787.785,166.318,3.605,3.465,200.0,200.0,,,
2026-09-08T12:17:39.678838,1,102,FRAME,791.389,169.783,3.605,3.465,200.0,200.0,,,
2026-09-08T12:17:39.694868,1,103,FRAME,794.994,173.248,3.605,3.465,200.0,200.0,,,
2026-09-08T12:17:39.710868,1,104,FRAME,798.599,176.713,3.605,3.465,200.0,200.0,,,
2026-09-08T12:17:39.726533,1,105,FRAME,802.203,180.178,3.605,3.465,200.0,200.0,,,
2026-09-08T12:17:39.726533,1,106,MISS_RIGHT,802.203,180.178,3.605,3.465,200.0,200.0,,,LEFT
2026-09-08T12:17:39.742376,2,107,FRAME,494.401,118.337,-3.675,3.391,200.0,200.0,,,
2026-09-08T12:17:39.759994,2,108,FRAME,490.727,121.728,-3.675,3.391,200.0,200.0,,,
2026-09-08T12:17:39.778065,2,109,FRAME,487.052,125.118,-3.675,3.391,200.0,200.0,,,
2026-09-08T12:17:39.794757,2,110,FRAME,483.377,128.509,-3.675,3.391,200.0,200.0,,,
2026-09-08T12:17:39.810580,2,111,FRAME,479.702,131.9,-3.675,3.391,200.0,200.0,,,
2026-09-08T12:17:39.826964,2,112,FRAME,476.028,135.29,-3.675,3.391,200.0,200.0,,,
2026-09-08T12:17:39.843296,2,113,FRAME,472.353,138.681,-3.675,3.391,200.0,200.0,,,
2026-09-08T12:17:39.860110,2,114,FRAME,468.678,142.072,-3.675,3.391,200.0,200.0,,,
2026-09-08T12:17:39.877758,2,115,FRAME,465.003,145.462,-3.675,3.391,200.0,200.0,,,
2026-09-08T12:17:39.894530,2,116,FRAME,461.329,148.853,-3.675,3.391,200.0,200.0,,,
2026-09-08T12:17:39.910946,2,117,FRAME,457.654,152.243,-3.675,3.391,200.0,200.0,,,
2026-09-08T12:17:39.929568,2,118,FRAME,453.979,155.634,-3.675,3.391,200.0,200.0,,,
2026-09-08T12:17:39.946103,2,119,FRAME,450.304,159.025,-3.675,3.391,200.0,200.0,,,
2026-09-08T12:17:39.962615,2,120,FRAME,446.63,162.415,-3.675,3.391,200.0,200.0,,,
2026-09-08T12:17:39.980015,2,121,FRAME,442.955,165.806,-3.675,3.391,200.0,200.0,,,
2026-09-08T12:17:39.995882,2,122,FRAME,439.28,169.197,-3.675,3.391,200.0,200.0,,,
2026-09-08T12:17:40.012253,2,123,FRAME,435.606,172.587,-3.675,3.391,200.0,200.0,,,
2026-09-08T12:17:40.029801,2,124,FRAME,431.931,175.978,-3.675,3.391,200.0,200.0,,,
2026-09-08T12:17:40.045920,2,125,FRAME,428.256,179.368,-3.675,3.391,200.0,200.0,,,
2026-09-08T12:17:40.062009,2,126,FRAME,424.581,182.759,-3.675,3.391,200.0,200.0,,,
2026-09-08T12:17:40.078174,2,127,FRAME,420.907,186.15,-3.675,3.391,200.0,200.0,,,
2026-09-08T12:17:40.094269,2,128,FRAME,417.232,189.54,-3.675,3.391,200.0,200.0,,,
2026-09-08T12:17:40.110791,2,129,FRAME,413.557,192.931,-3.675,3.391,200.0,200.0,,,
2026-09-08T12:17:40.127633,2,130,FRAME,409.882,196.321,-3.675,3.391,200.0,200.0,,,
2026-09-08T12:17:40.143790,2,131,FRAME,406.208,199.712,-3.675,3.391,200.0,200.0,,,
2026-09-08T12:17:40.160788,2,132,FRAME,402.533,203.103,-3.675,3.391,200.0,200.0,,,
2026-09-08T12:17:40.397575,2,133,FRAME,398.858,206.493,-3.675,3.391,200.0,200.0,,,
